<application>
  <component name="CodeInsightSettings">
    <EXCLUDED_PACKAGE NAME="android.media.midi.MidiInputPort" />
    <EXCLUDED_PACKAGE NAME="kotlin.Metadata" />
  </component>
  <component name="CodeVisionSettings">
    <option name="codeVisionGroupToPosition">
      <map>
        <entry key="inheritors" value="Default" />
        <entry key="problems" value="Default" />
        <entry key="references" value="Default" />
        <entry key="vcs.code.vision" value="Default" />
      </map>
    </option>
    <option name="disabledCodeVisionProviderIds">
      <set>
        <option value="inheritors" />
        <option value="problems" />
        <option value="references" />
        <option value="vcs.code.vision" />
      </set>
    </option>
    <option name="enabled" value="false" />
  </component>
  <component name="EditorSettings">
    <option name="IS_ENSURE_NEWLINE_AT_EOF" value="true" />
    <option name="REMOVE_TRAILING_BLANK_LINES" value="true" />
    <option name="IS_INDENT_GUIDES_SHOWN" value="false" />
  </component>
  <component name="InlayHintsSettings">
    <option name="disabledHintProviderIds">
      <set>
        <option value="Groovy.groovy.implicit.null.argument.hint" />
        <option value="Groovy.groovy.parameters.hints" />
        <option value="Groovy.groovy.variable.type.hints" />
        <option value="JAVA.annotation.hints" />
        <option value="JAVA.chain.hints" />
        <option value="JAVA.java.implicit.types" />
        <option value="Markdown.MarkdownTableInlayProviderSettingsKey" />
        <option value="ObjectiveC.oc.type.hints" />
        <option value="kotlin.kotlin.call.chains.hints" />
        <option value="kotlin.kotlin.lambdas.hints" />
        <option value="kotlin.kotlin.ranges.hints" />
      </set>
    </option>
    <option name="lastViewedProviderKeyId" value="" />
    <settingsMapElement>
      <ObjectiveC.oc.type.hints>
        <ClionClangTypeHintSettings>
          <option name="showDeducedReturnTypes" value="false" />
          <option name="showForLambdas" value="false" />
          <option name="showForVariables" value="false" />
        </ClionClangTypeHintSettings>
      </ObjectiveC.oc.type.hints>
      <Groovy.groovy.parameters.hints>
        <Settings>
          <option name="showInferredParameterTypes" value="false" />
          <option name="showTypeParameterList" value="false" />
        </Settings>
      </Groovy.groovy.parameters.hints>
      <JAVA.annotation.hints>
        <Settings>
          <option name="showExternal" value="false" />
        </Settings>
      </JAVA.annotation.hints>
      <kotlin.kotlin.lambdas.hints>
        <Settings>
          <option name="implicitReceiversAndParams" value="false" />
          <option name="returnExpressions" value="false" />
        </Settings>
      </kotlin.kotlin.lambdas.hints>
    </settingsMapElement>
  </component>
</application>