<application>
  <component name="ActionMacroManager">
    <macro name="parameters">
      <action id="EditorLineEnd" />
      <action id="EditorLeft" />
      <typing text-keycode="77:0;65:0;82:0;75:0;69:0;82:0;56:1;56:1">marker**</typing>
      <action id="Find" />
      <typing text-keycode="77:0;79:0;67:0;75:0;44:1">mock&lt;</typing>
      <shortuct text="ESCAPE" />
      <action id="SelectAllOccurrences" />
      <action id="EditorPreviousWord" />
      <action id="EditorPreviousWord" />
      <action id="EditorPreviousWord" />
      <action id="EditorLeft" />
      <typing text-keycode="44:0">,</typing>
      <action id="EditorPreviousWordWithSelection" />
      <action id="EditorPreviousWordWithSelection" />
      <action id="EditorCopy" />
      <action id="EditorRight" />
      <action id="EditorBackSpace" />
      <action id="Find" />
      <typing text-keycode="77:0;65:0;82:0;75:0;69:0;82:0;56:1;56:1">marker**</typing>
      <shortuct text="ESCAPE" />
      <action id="EditorBackSpace" />
      <action id="EditorPaste" />
      <action id="EditorBackSpace" />
      <action id="EditorSelectWord" />
      <action id="EditorSelectWord" />
      <action id="EditorSelectWord" />
      <shortuct text="altGraph ALT_GRAPH" />
      <action id="ReformatCode" />
      <action id="EditorEscape" />
    </macro>
    <macro name="single mock">
      <action id="Find" />
      <typing text-keycode="80:0;82:0;73:0;86:0;65:0;84:0;69:0;32:0;86:0;65:0;76:0">private&amp;#x20;val</typing>
      <shortuct text="ESCAPE" />
      <action id="EditorNextWord" />
      <action id="EditorRight" />
      <action id="EditorBackSpace" />
      <typing text-keycode="32:0;61:0">&amp;#x20;=</typing>
      <action id="EditorRight" />
      <typing text-keycode="77:0;79:0;67:0;75:0;44:1">mock&lt;</typing>
      <action id="EditorLineEnd" />
      <typing text-keycode="46:1;57:1;48:1">&gt;()</typing>
      <action id="EditorLineStart" />
      <action id="EditorNextWord" />
      <action id="EditorNextWord" />
      <action id="EditorRight" />
      <action id="EditorNextWordWithSelection" />
      <action id="EditorCopy" />
      <action id="EditorEscape" />
    </macro>
    <macro name="&lt;noname&gt;">
      <action id="ShowSettings" />
      <shortuct text="ESCAPE" />
      <action id="GotoAction" />
      <shortuct text="ENTER" />
    </macro>
    <macro name="mock">
      <action id="Find" />
      <typing text-keycode="44:0">,</typing>
      <shortuct text="ENTER" />
      <shortuct text="ENTER" />
      <shortuct text="ESCAPE" />
      <action id="SelectAllOccurrences" />
      <action id="EditorBackSpace" />
      <action id="EditorEscape" />
      <action id="EditorLineStart" />
      <action id="EditorNextWordWithSelection" />
      <action id="EditorNextWordWithSelection" />
      <action id="SelectAllOccurrences" />
      <action id="EditorNextWord" />
      <action id="EditorNextWord" />
      <action id="EditorBackSpace" />
      <typing text-keycode="32:0;61:0">&amp;#x20;=</typing>
      <action id="EditorRight" />
      <typing text-keycode="77:0;79:0;67:0;75:0;44:1">mock&lt;</typing>
      <action id="EditorLineEnd" />
      <typing text-keycode="46:1;57:1;48:1">&gt;()</typing>
      <action id="EditorEscape" />
    </macro>
  </component>
</application>