<application>
  <component name="ParameterNameHintsSettings">
    <option id="oc.clangd.namehints.enums" value="false" />
    <option id="oc.clangd.namehints.array.indices" value="false" />
    <option id="java.enums" value="false" />
    <option id="java.new.expr" value="false" />
    <option id="SHOW_LAMBDA_IMPLICIT_PARAMETER_RECEIVER" value="false" />
    <option id="oc.clangd.namehints.construct.expr" value="false" />
    <option id="oc.clangd.namehints.non.const.references" value="false" />
    <option id="SHOW_LAMBDA_RETURN_EXPRESSION" value="false" />
    <disabledLanguages>
      <language id="JAVA" />
      <language id="kotlin" />
      <language id="ObjectiveC" />
      <language id="Groovy" />
    </disabledLanguages>
  </component>
</application>