<keymap version="1" name="Asparagus" parent="Default for GNOME">
  <action id="ActivateFavoritesToolWindow" />
  <action id="ActivateTerminalToolWindow">
    <keyboard-shortcut first-keystroke="alt f12" />
    <keyboard-shortcut first-keystroke="alt z" />
  </action>
  <action id="CallHierarchy" />
  <action id="ChangesView.ShelveSilently" />
  <action id="CloseActiveTab">
    <keyboard-shortcut first-keystroke="shift ctrl f4" />
    <keyboard-shortcut first-keystroke="alt c" />
  </action>
  <action id="CloseAllEditorsButActive">
    <keyboard-shortcut first-keystroke="shift ctrl w" />
  </action>
  <action id="CloseAllNotifications">
    <keyboard-shortcut first-keystroke="alt altGraph f12" />
  </action>
  <action id="CloseContent">
    <keyboard-shortcut first-keystroke="ctrl w" />
  </action>
  <action id="Console.Execute.Multiline" />
  <action id="ConvertJavaToKotlin" />
  <action id="DecrementWindowHeight" />
  <action id="DirDiffMenu.SynchronizeDiff.All" />
  <action id="EditorBackSpace">
    <keyboard-shortcut first-keystroke="back_space" />
  </action>
  <action id="EditorDown">
    <keyboard-shortcut first-keystroke="alt j" />
  </action>
  <action id="EditorDownWithSelection">
    <keyboard-shortcut first-keystroke="shift alt j" />
  </action>
  <action id="EditorHungryBackSpace">
    <keyboard-shortcut first-keystroke="altGraph space" />
    <keyboard-shortcut first-keystroke="shift back_space" />
  </action>
  <action id="EditorJoinLines" />
  <action id="EditorLeft">
    <keyboard-shortcut first-keystroke="alt h" />
  </action>
  <action id="EditorLeftWithSelection">
    <keyboard-shortcut first-keystroke="shift alt h" />
  </action>
  <action id="EditorLineEnd">
    <keyboard-shortcut first-keystroke="alt altGraph l" />
  </action>
  <action id="EditorLineEndWithSelection">
    <keyboard-shortcut first-keystroke="shift alt altGraph l" />
  </action>
  <action id="EditorLineStart">
    <keyboard-shortcut first-keystroke="alt altGraph h" />
  </action>
  <action id="EditorLineStartWithSelection">
    <keyboard-shortcut first-keystroke="shift alt altGraph h" />
  </action>
  <action id="EditorNextWord">
    <keyboard-shortcut first-keystroke="ctrl l" />
  </action>
  <action id="EditorNextWordInDifferentHumpsMode">
    <keyboard-shortcut first-keystroke="ctrl alt l" />
  </action>
  <action id="EditorNextWordInDifferentHumpsModeWithSelection">
    <keyboard-shortcut first-keystroke="shift ctrl alt l" />
  </action>
  <action id="EditorNextWordWithSelection">
    <keyboard-shortcut first-keystroke="shift ctrl l" />
  </action>
  <action id="EditorPreviousWord">
    <keyboard-shortcut first-keystroke="ctrl h" />
  </action>
  <action id="EditorPreviousWordInDifferentHumpsMode">
    <keyboard-shortcut first-keystroke="ctrl alt h" />
  </action>
  <action id="EditorPreviousWordInDifferentHumpsModeWithSelection">
    <keyboard-shortcut first-keystroke="shift ctrl alt h" />
  </action>
  <action id="EditorPreviousWordWithSelection">
    <keyboard-shortcut first-keystroke="shift ctrl h" />
  </action>
  <action id="EditorRight">
    <keyboard-shortcut first-keystroke="alt l" />
  </action>
  <action id="EditorRightWithSelection">
    <keyboard-shortcut first-keystroke="shift alt l" />
  </action>
  <action id="EditorSelectWord">
    <keyboard-shortcut first-keystroke="alt w" />
  </action>
  <action id="EditorSplitLine" />
  <action id="EditorStartNewLine">
    <keyboard-shortcut first-keystroke="alt o" />
  </action>
  <action id="EditorStartNewLineBefore">
    <keyboard-shortcut first-keystroke="shift alt o" />
  </action>
  <action id="EditorUnSelectWord">
    <keyboard-shortcut first-keystroke="alt e" />
  </action>
  <action id="EditorUp">
    <keyboard-shortcut first-keystroke="alt k" />
  </action>
  <action id="EditorUpWithSelection">
    <keyboard-shortcut first-keystroke="shift alt k" />
  </action>
  <action id="ExportToTextFile" />
  <action id="FindNext">
    <keyboard-shortcut first-keystroke="f3" />
  </action>
  <action id="FindPrevious">
    <keyboard-shortcut first-keystroke="shift f3" />
  </action>
  <action id="Groovy.Shell.Execute" />
  <action id="Kotlin.NewFile">
    <keyboard-shortcut first-keystroke="alt 2" />
  </action>
  <action id="KotlinShellExecute" />
  <action id="MethodDown">
    <keyboard-shortcut first-keystroke="altGraph j" />
  </action>
  <action id="MethodHierarchy" />
  <action id="MethodUp">
    <keyboard-shortcut first-keystroke="altGraph k" />
  </action>
  <action id="MoveElementLeft" />
  <action id="MoveElementRight" />
  <action id="MoveStatementDown">
    <keyboard-shortcut first-keystroke="shift ctrl alt j" />
  </action>
  <action id="MoveStatementUp">
    <keyboard-shortcut first-keystroke="shift ctrl alt k" />
  </action>
  <action id="MoveTabRight">
    <keyboard-shortcut first-keystroke="ctrl enter" />
  </action>
  <action id="NewDir">
    <keyboard-shortcut first-keystroke="alt 3" />
  </action>
  <action id="PopupHector" />
  <action id="ReformatCode">
    <keyboard-shortcut first-keystroke="altGraph l" />
  </action>
  <action id="ResizeToolWindowDown">
    <keyboard-shortcut first-keystroke="shift ctrl j" />
  </action>
  <action id="ResizeToolWindowLeft">
    <keyboard-shortcut first-keystroke="shift ctrl h" />
  </action>
  <action id="ResizeToolWindowRight">
    <keyboard-shortcut first-keystroke="shift ctrl l" />
  </action>
  <action id="ResizeToolWindowUp" />
  <action id="SelectAllOccurrences" />
  <action id="SelectNextOccurrence" />
  <action id="ShowReformatFileDialog" />
  <action id="ShowSettings">
    <keyboard-shortcut first-keystroke="ctrl comma" />
  </action>
  <action id="SurroundWith" />
  <action id="Terminal.MoveToolWindowTabLeft" />
  <action id="Terminal.MoveToolWindowTabRight" />
  <action id="Terminal.OpenInTerminal">
    <keyboard-shortcut first-keystroke="shift alt z" />
  </action>
  <action id="ToggleDistractionFreeMode">
    <keyboard-shortcut first-keystroke="ctrl pause" />
  </action>
  <action id="ToggleZenMode">
    <keyboard-shortcut first-keystroke="ctrl alt pause" />
  </action>
  <action id="TypeHierarchy" />
  <action id="TypeHierarchyBase.BaseOnThisType" />
  <action id="UnselectPreviousOccurrence" />
  <action id="Vcs.Log.FocusTextFilter" />
  <action id="Vcs.Push" />
  <action id="Vcs.ReformatCommitMessage" />
  <action id="ViewSource" />
</keymap>